{
  "type": "GROUP",
"name": "Global Information",
"path": "",
"pathFormatted": "group_missing-name-b06d1",
"stats": {
    "name": "Global Information",
    "numberOfRequests": {
        "total": 960,
        "ok": 960,
        "ko": 0
    },
    "minResponseTime": {
        "total": 2,
        "ok": 2,
        "ko": 0
    },
    "maxResponseTime": {
        "total": 4339,
        "ok": 4339,
        "ko": 0
    },
    "meanResponseTime": {
        "total": 274,
        "ok": 274,
        "ko": 0
    },
    "standardDeviation": {
        "total": 578,
        "ok": 578,
        "ko": 0
    },
    "percentiles1": {
        "total": 48,
        "ok": 48,
        "ko": 0
    },
    "percentiles2": {
        "total": 236,
        "ok": 235,
        "ko": 0
    },
    "percentiles3": {
        "total": 1573,
        "ok": 1573,
        "ko": 0
    },
    "percentiles4": {
        "total": 3059,
        "ok": 3059,
        "ko": 0
    },
    "group1": {
        "name": "t < 800 ms",
        "count": 873,
        "percentage": 91
    },
    "group2": {
        "name": "800 ms < t < 1200 ms",
        "count": 20,
        "percentage": 2
    },
    "group3": {
        "name": "t > 1200 ms",
        "count": 67,
        "percentage": 7
    },
    "group4": {
        "name": "failed",
        "count": 0,
        "percentage": 0
    },
    "meanNumberOfRequestsPerSecond": {
        "total": 87.27272727272727,
        "ok": 87.27272727272727,
        "ko": 0
    }
},
"contents": {
"req_request-0-684d2": {
        "type": "REQUEST",
        "name": "request_0",
"path": "request_0",
"pathFormatted": "req_request-0-684d2",
"stats": {
    "name": "request_0",
    "numberOfRequests": {
        "total": 60,
        "ok": 60,
        "ko": 0
    },
    "minResponseTime": {
        "total": 3,
        "ok": 3,
        "ko": 0
    },
    "maxResponseTime": {
        "total": 157,
        "ok": 157,
        "ko": 0
    },
    "meanResponseTime": {
        "total": 24,
        "ok": 24,
        "ko": 0
    },
    "standardDeviation": {
        "total": 38,
        "ok": 38,
        "ko": 0
    },
    "percentiles1": {
        "total": 5,
        "ok": 5,
        "ko": 0
    },
    "percentiles2": {
        "total": 18,
        "ok": 18,
        "ko": 0
    },
    "percentiles3": {
        "total": 118,
        "ok": 118,
        "ko": 0
    },
    "percentiles4": {
        "total": 145,
        "ok": 145,
        "ko": 0
    },
    "group1": {
        "name": "t < 800 ms",
        "count": 60,
        "percentage": 100
    },
    "group2": {
        "name": "800 ms < t < 1200 ms",
        "count": 0,
        "percentage": 0
    },
    "group3": {
        "name": "t > 1200 ms",
        "count": 0,
        "percentage": 0
    },
    "group4": {
        "name": "failed",
        "count": 0,
        "percentage": 0
    },
    "meanNumberOfRequestsPerSecond": {
        "total": 5.454545454545454,
        "ok": 5.454545454545454,
        "ko": 0
    }
}
    },"req_jquery-min-js-7fbbf": {
        "type": "REQUEST",
        "name": "jquery.min.js",
"path": "jquery.min.js",
"pathFormatted": "req_jquery-min-js-7fbbf",
"stats": {
    "name": "jquery.min.js",
    "numberOfRequests": {
        "total": 60,
        "ok": 60,
        "ko": 0
    },
    "minResponseTime": {
        "total": 123,
        "ok": 123,
        "ko": 0
    },
    "maxResponseTime": {
        "total": 1619,
        "ok": 1619,
        "ko": 0
    },
    "meanResponseTime": {
        "total": 374,
        "ok": 374,
        "ko": 0
    },
    "standardDeviation": {
        "total": 339,
        "ok": 339,
        "ko": 0
    },
    "percentiles1": {
        "total": 274,
        "ok": 274,
        "ko": 0
    },
    "percentiles2": {
        "total": 323,
        "ok": 323,
        "ko": 0
    },
    "percentiles3": {
        "total": 1287,
        "ok": 1287,
        "ko": 0
    },
    "percentiles4": {
        "total": 1543,
        "ok": 1543,
        "ko": 0
    },
    "group1": {
        "name": "t < 800 ms",
        "count": 54,
        "percentage": 90
    },
    "group2": {
        "name": "800 ms < t < 1200 ms",
        "count": 2,
        "percentage": 3
    },
    "group3": {
        "name": "t > 1200 ms",
        "count": 4,
        "percentage": 7
    },
    "group4": {
        "name": "failed",
        "count": 0,
        "percentage": 0
    },
    "meanNumberOfRequestsPerSecond": {
        "total": 5.454545454545454,
        "ok": 5.454545454545454,
        "ko": 0
    }
}
    },"req_request-1-46da4": {
        "type": "REQUEST",
        "name": "request_1",
"path": "request_1",
"pathFormatted": "req_request-1-46da4",
"stats": {
    "name": "request_1",
    "numberOfRequests": {
        "total": 60,
        "ok": 60,
        "ko": 0
    },
    "minResponseTime": {
        "total": 4,
        "ok": 4,
        "ko": 0
    },
    "maxResponseTime": {
        "total": 147,
        "ok": 147,
        "ko": 0
    },
    "meanResponseTime": {
        "total": 22,
        "ok": 22,
        "ko": 0
    },
    "standardDeviation": {
        "total": 27,
        "ok": 27,
        "ko": 0
    },
    "percentiles1": {
        "total": 11,
        "ok": 11,
        "ko": 0
    },
    "percentiles2": {
        "total": 19,
        "ok": 19,
        "ko": 0
    },
    "percentiles3": {
        "total": 70,
        "ok": 70,
        "ko": 0
    },
    "percentiles4": {
        "total": 116,
        "ok": 116,
        "ko": 0
    },
    "group1": {
        "name": "t < 800 ms",
        "count": 60,
        "percentage": 100
    },
    "group2": {
        "name": "800 ms < t < 1200 ms",
        "count": 0,
        "percentage": 0
    },
    "group3": {
        "name": "t > 1200 ms",
        "count": 0,
        "percentage": 0
    },
    "group4": {
        "name": "failed",
        "count": 0,
        "percentage": 0
    },
    "meanNumberOfRequestsPerSecond": {
        "total": 5.454545454545454,
        "ok": 5.454545454545454,
        "ko": 0
    }
}
    },"req_request-3-d0973": {
        "type": "REQUEST",
        "name": "request_3",
"path": "request_3",
"pathFormatted": "req_request-3-d0973",
"stats": {
    "name": "request_3",
    "numberOfRequests": {
        "total": 60,
        "ok": 60,
        "ko": 0
    },
    "minResponseTime": {
        "total": 4,
        "ok": 4,
        "ko": 0
    },
    "maxResponseTime": {
        "total": 135,
        "ok": 135,
        "ko": 0
    },
    "meanResponseTime": {
        "total": 28,
        "ok": 28,
        "ko": 0
    },
    "standardDeviation": {
        "total": 36,
        "ok": 36,
        "ko": 0
    },
    "percentiles1": {
        "total": 11,
        "ok": 11,
        "ko": 0
    },
    "percentiles2": {
        "total": 26,
        "ok": 26,
        "ko": 0
    },
    "percentiles3": {
        "total": 106,
        "ok": 106,
        "ko": 0
    },
    "percentiles4": {
        "total": 132,
        "ok": 132,
        "ko": 0
    },
    "group1": {
        "name": "t < 800 ms",
        "count": 60,
        "percentage": 100
    },
    "group2": {
        "name": "800 ms < t < 1200 ms",
        "count": 0,
        "percentage": 0
    },
    "group3": {
        "name": "t > 1200 ms",
        "count": 0,
        "percentage": 0
    },
    "group4": {
        "name": "failed",
        "count": 0,
        "percentage": 0
    },
    "meanNumberOfRequestsPerSecond": {
        "total": 5.454545454545454,
        "ok": 5.454545454545454,
        "ko": 0
    }
}
    },"req_jquery-latest-m-5cdca": {
        "type": "REQUEST",
        "name": "jquery-latest.min.js",
"path": "jquery-latest.min.js",
"pathFormatted": "req_jquery-latest-m-5cdca",
"stats": {
    "name": "jquery-latest.min.js",
    "numberOfRequests": {
        "total": 60,
        "ok": 60,
        "ko": 0
    },
    "minResponseTime": {
        "total": 130,
        "ok": 130,
        "ko": 0
    },
    "maxResponseTime": {
        "total": 4339,
        "ok": 4339,
        "ko": 0
    },
    "meanResponseTime": {
        "total": 685,
        "ok": 685,
        "ko": 0
    },
    "standardDeviation": {
        "total": 887,
        "ok": 887,
        "ko": 0
    },
    "percentiles1": {
        "total": 207,
        "ok": 207,
        "ko": 0
    },
    "percentiles2": {
        "total": 715,
        "ok": 715,
        "ko": 0
    },
    "percentiles3": {
        "total": 2377,
        "ok": 2377,
        "ko": 0
    },
    "percentiles4": {
        "total": 3674,
        "ok": 3674,
        "ko": 0
    },
    "group1": {
        "name": "t < 800 ms",
        "count": 46,
        "percentage": 77
    },
    "group2": {
        "name": "800 ms < t < 1200 ms",
        "count": 2,
        "percentage": 3
    },
    "group3": {
        "name": "t > 1200 ms",
        "count": 12,
        "percentage": 20
    },
    "group4": {
        "name": "failed",
        "count": 0,
        "percentage": 0
    },
    "meanNumberOfRequestsPerSecond": {
        "total": 5.454545454545454,
        "ok": 5.454545454545454,
        "ko": 0
    }
}
    },"req_request-2-93baf": {
        "type": "REQUEST",
        "name": "request_2",
"path": "request_2",
"pathFormatted": "req_request-2-93baf",
"stats": {
    "name": "request_2",
    "numberOfRequests": {
        "total": 60,
        "ok": 60,
        "ko": 0
    },
    "minResponseTime": {
        "total": 4,
        "ok": 4,
        "ko": 0
    },
    "maxResponseTime": {
        "total": 104,
        "ok": 104,
        "ko": 0
    },
    "meanResponseTime": {
        "total": 25,
        "ok": 25,
        "ko": 0
    },
    "standardDeviation": {
        "total": 29,
        "ok": 29,
        "ko": 0
    },
    "percentiles1": {
        "total": 11,
        "ok": 11,
        "ko": 0
    },
    "percentiles2": {
        "total": 23,
        "ok": 23,
        "ko": 0
    },
    "percentiles3": {
        "total": 86,
        "ok": 86,
        "ko": 0
    },
    "percentiles4": {
        "total": 103,
        "ok": 103,
        "ko": 0
    },
    "group1": {
        "name": "t < 800 ms",
        "count": 60,
        "percentage": 100
    },
    "group2": {
        "name": "800 ms < t < 1200 ms",
        "count": 0,
        "percentage": 0
    },
    "group3": {
        "name": "t > 1200 ms",
        "count": 0,
        "percentage": 0
    },
    "group4": {
        "name": "failed",
        "count": 0,
        "percentage": 0
    },
    "meanNumberOfRequestsPerSecond": {
        "total": 5.454545454545454,
        "ok": 5.454545454545454,
        "ko": 0
    }
}
    },"req_tether-min-js-817a0": {
        "type": "REQUEST",
        "name": "tether.min.js",
"path": "tether.min.js",
"pathFormatted": "req_tether-min-js-817a0",
"stats": {
    "name": "tether.min.js",
    "numberOfRequests": {
        "total": 120,
        "ok": 120,
        "ko": 0
    },
    "minResponseTime": {
        "total": 23,
        "ok": 23,
        "ko": 0
    },
    "maxResponseTime": {
        "total": 3191,
        "ok": 3191,
        "ko": 0
    },
    "meanResponseTime": {
        "total": 285,
        "ok": 285,
        "ko": 0
    },
    "standardDeviation": {
        "total": 587,
        "ok": 587,
        "ko": 0
    },
    "percentiles1": {
        "total": 88,
        "ok": 88,
        "ko": 0
    },
    "percentiles2": {
        "total": 159,
        "ok": 159,
        "ko": 0
    },
    "percentiles3": {
        "total": 1221,
        "ok": 1221,
        "ko": 0
    },
    "percentiles4": {
        "total": 3064,
        "ok": 3064,
        "ko": 0
    },
    "group1": {
        "name": "t < 800 ms",
        "count": 110,
        "percentage": 92
    },
    "group2": {
        "name": "800 ms < t < 1200 ms",
        "count": 4,
        "percentage": 3
    },
    "group3": {
        "name": "t > 1200 ms",
        "count": 6,
        "percentage": 5
    },
    "group4": {
        "name": "failed",
        "count": 0,
        "percentage": 0
    },
    "meanNumberOfRequestsPerSecond": {
        "total": 10.909090909090908,
        "ok": 10.909090909090908,
        "ko": 0
    }
}
    },"req_chart-min-js-91ae4": {
        "type": "REQUEST",
        "name": "Chart.min.js",
"path": "Chart.min.js",
"pathFormatted": "req_chart-min-js-91ae4",
"stats": {
    "name": "Chart.min.js",
    "numberOfRequests": {
        "total": 60,
        "ok": 60,
        "ko": 0
    },
    "minResponseTime": {
        "total": 124,
        "ok": 124,
        "ko": 0
    },
    "maxResponseTime": {
        "total": 3261,
        "ok": 3261,
        "ko": 0
    },
    "meanResponseTime": {
        "total": 726,
        "ok": 726,
        "ko": 0
    },
    "standardDeviation": {
        "total": 953,
        "ok": 953,
        "ko": 0
    },
    "percentiles1": {
        "total": 273,
        "ok": 273,
        "ko": 0
    },
    "percentiles2": {
        "total": 640,
        "ok": 640,
        "ko": 0
    },
    "percentiles3": {
        "total": 3008,
        "ok": 3008,
        "ko": 0
    },
    "percentiles4": {
        "total": 3211,
        "ok": 3211,
        "ko": 0
    },
    "group1": {
        "name": "t < 800 ms",
        "count": 46,
        "percentage": 77
    },
    "group2": {
        "name": "800 ms < t < 1200 ms",
        "count": 3,
        "percentage": 5
    },
    "group3": {
        "name": "t > 1200 ms",
        "count": 11,
        "percentage": 18
    },
    "group4": {
        "name": "failed",
        "count": 0,
        "percentage": 0
    },
    "meanNumberOfRequestsPerSecond": {
        "total": 5.454545454545454,
        "ok": 5.454545454545454,
        "ko": 0
    }
}
    },"req_bootstrap-min-c-5b8a7": {
        "type": "REQUEST",
        "name": "bootstrap.min.css",
"path": "bootstrap.min.css",
"pathFormatted": "req_bootstrap-min-c-5b8a7",
"stats": {
    "name": "bootstrap.min.css",
    "numberOfRequests": {
        "total": 60,
        "ok": 60,
        "ko": 0
    },
    "minResponseTime": {
        "total": 184,
        "ok": 184,
        "ko": 0
    },
    "maxResponseTime": {
        "total": 2799,
        "ok": 2799,
        "ko": 0
    },
    "meanResponseTime": {
        "total": 701,
        "ok": 701,
        "ko": 0
    },
    "standardDeviation": {
        "total": 689,
        "ok": 689,
        "ko": 0
    },
    "percentiles1": {
        "total": 338,
        "ok": 338,
        "ko": 0
    },
    "percentiles2": {
        "total": 858,
        "ok": 858,
        "ko": 0
    },
    "percentiles3": {
        "total": 2165,
        "ok": 2165,
        "ko": 0
    },
    "percentiles4": {
        "total": 2787,
        "ok": 2787,
        "ko": 0
    },
    "group1": {
        "name": "t < 800 ms",
        "count": 43,
        "percentage": 72
    },
    "group2": {
        "name": "800 ms < t < 1200 ms",
        "count": 3,
        "percentage": 5
    },
    "group3": {
        "name": "t > 1200 ms",
        "count": 14,
        "percentage": 23
    },
    "group4": {
        "name": "failed",
        "count": 0,
        "percentage": 0
    },
    "meanNumberOfRequestsPerSecond": {
        "total": 5.454545454545454,
        "ok": 5.454545454545454,
        "ko": 0
    }
}
    },"req_chart-js-671a3": {
        "type": "REQUEST",
        "name": "Chart.js",
"path": "Chart.js",
"pathFormatted": "req_chart-js-671a3",
"stats": {
    "name": "Chart.js",
    "numberOfRequests": {
        "total": 60,
        "ok": 60,
        "ko": 0
    },
    "minResponseTime": {
        "total": 146,
        "ok": 146,
        "ko": 0
    },
    "maxResponseTime": {
        "total": 3205,
        "ok": 3205,
        "ko": 0
    },
    "meanResponseTime": {
        "total": 621,
        "ok": 621,
        "ko": 0
    },
    "standardDeviation": {
        "total": 746,
        "ok": 746,
        "ko": 0
    },
    "percentiles1": {
        "total": 276,
        "ok": 276,
        "ko": 0
    },
    "percentiles2": {
        "total": 670,
        "ok": 670,
        "ko": 0
    },
    "percentiles3": {
        "total": 2336,
        "ok": 2336,
        "ko": 0
    },
    "percentiles4": {
        "total": 3186,
        "ok": 3186,
        "ko": 0
    },
    "group1": {
        "name": "t < 800 ms",
        "count": 45,
        "percentage": 75
    },
    "group2": {
        "name": "800 ms < t < 1200 ms",
        "count": 6,
        "percentage": 10
    },
    "group3": {
        "name": "t > 1200 ms",
        "count": 9,
        "percentage": 15
    },
    "group4": {
        "name": "failed",
        "count": 0,
        "percentage": 0
    },
    "meanNumberOfRequestsPerSecond": {
        "total": 5.454545454545454,
        "ok": 5.454545454545454,
        "ko": 0
    }
}
    },"req_bootstrap-min-j-13b2a": {
        "type": "REQUEST",
        "name": "bootstrap.min.js",
"path": "bootstrap.min.js",
"pathFormatted": "req_bootstrap-min-j-13b2a",
"stats": {
    "name": "bootstrap.min.js",
    "numberOfRequests": {
        "total": 60,
        "ok": 60,
        "ko": 0
    },
    "minResponseTime": {
        "total": 142,
        "ok": 142,
        "ko": 0
    },
    "maxResponseTime": {
        "total": 3101,
        "ok": 3101,
        "ko": 0
    },
    "meanResponseTime": {
        "total": 583,
        "ok": 583,
        "ko": 0
    },
    "standardDeviation": {
        "total": 698,
        "ok": 698,
        "ko": 0
    },
    "percentiles1": {
        "total": 259,
        "ok": 259,
        "ko": 0
    },
    "percentiles2": {
        "total": 547,
        "ok": 547,
        "ko": 0
    },
    "percentiles3": {
        "total": 2023,
        "ok": 2023,
        "ko": 0
    },
    "percentiles4": {
        "total": 2895,
        "ok": 2895,
        "ko": 0
    },
    "group1": {
        "name": "t < 800 ms",
        "count": 49,
        "percentage": 82
    },
    "group2": {
        "name": "800 ms < t < 1200 ms",
        "count": 0,
        "percentage": 0
    },
    "group3": {
        "name": "t > 1200 ms",
        "count": 11,
        "percentage": 18
    },
    "group4": {
        "name": "failed",
        "count": 0,
        "percentage": 0
    },
    "meanNumberOfRequestsPerSecond": {
        "total": 5.454545454545454,
        "ok": 5.454545454545454,
        "ko": 0
    }
}
    },"req_request-4-e7d1b": {
        "type": "REQUEST",
        "name": "request_4",
"path": "request_4",
"pathFormatted": "req_request-4-e7d1b",
"stats": {
    "name": "request_4",
    "numberOfRequests": {
        "total": 60,
        "ok": 60,
        "ko": 0
    },
    "minResponseTime": {
        "total": 2,
        "ok": 2,
        "ko": 0
    },
    "maxResponseTime": {
        "total": 37,
        "ok": 37,
        "ko": 0
    },
    "meanResponseTime": {
        "total": 5,
        "ok": 5,
        "ko": 0
    },
    "standardDeviation": {
        "total": 6,
        "ok": 6,
        "ko": 0
    },
    "percentiles1": {
        "total": 3,
        "ok": 3,
        "ko": 0
    },
    "percentiles2": {
        "total": 5,
        "ok": 5,
        "ko": 0
    },
    "percentiles3": {
        "total": 16,
        "ok": 16,
        "ko": 0
    },
    "percentiles4": {
        "total": 35,
        "ok": 35,
        "ko": 0
    },
    "group1": {
        "name": "t < 800 ms",
        "count": 60,
        "percentage": 100
    },
    "group2": {
        "name": "800 ms < t < 1200 ms",
        "count": 0,
        "percentage": 0
    },
    "group3": {
        "name": "t > 1200 ms",
        "count": 0,
        "percentage": 0
    },
    "group4": {
        "name": "failed",
        "count": 0,
        "percentage": 0
    },
    "meanNumberOfRequestsPerSecond": {
        "total": 5.454545454545454,
        "ok": 5.454545454545454,
        "ko": 0
    }
}
    },"req_request-5-48829": {
        "type": "REQUEST",
        "name": "request_5",
"path": "request_5",
"pathFormatted": "req_request-5-48829",
"stats": {
    "name": "request_5",
    "numberOfRequests": {
        "total": 60,
        "ok": 60,
        "ko": 0
    },
    "minResponseTime": {
        "total": 2,
        "ok": 2,
        "ko": 0
    },
    "maxResponseTime": {
        "total": 13,
        "ok": 13,
        "ko": 0
    },
    "meanResponseTime": {
        "total": 4,
        "ok": 4,
        "ko": 0
    },
    "standardDeviation": {
        "total": 2,
        "ok": 2,
        "ko": 0
    },
    "percentiles1": {
        "total": 4,
        "ok": 4,
        "ko": 0
    },
    "percentiles2": {
        "total": 4,
        "ok": 4,
        "ko": 0
    },
    "percentiles3": {
        "total": 9,
        "ok": 9,
        "ko": 0
    },
    "percentiles4": {
        "total": 11,
        "ok": 11,
        "ko": 0
    },
    "group1": {
        "name": "t < 800 ms",
        "count": 60,
        "percentage": 100
    },
    "group2": {
        "name": "800 ms < t < 1200 ms",
        "count": 0,
        "percentage": 0
    },
    "group3": {
        "name": "t > 1200 ms",
        "count": 0,
        "percentage": 0
    },
    "group4": {
        "name": "failed",
        "count": 0,
        "percentage": 0
    },
    "meanNumberOfRequestsPerSecond": {
        "total": 5.454545454545454,
        "ok": 5.454545454545454,
        "ko": 0
    }
}
    },"req_request-6-027a9": {
        "type": "REQUEST",
        "name": "request_6",
"path": "request_6",
"pathFormatted": "req_request-6-027a9",
"stats": {
    "name": "request_6",
    "numberOfRequests": {
        "total": 60,
        "ok": 60,
        "ko": 0
    },
    "minResponseTime": {
        "total": 2,
        "ok": 2,
        "ko": 0
    },
    "maxResponseTime": {
        "total": 9,
        "ok": 9,
        "ko": 0
    },
    "meanResponseTime": {
        "total": 5,
        "ok": 5,
        "ko": 0
    },
    "standardDeviation": {
        "total": 2,
        "ok": 2,
        "ko": 0
    },
    "percentiles1": {
        "total": 4,
        "ok": 4,
        "ko": 0
    },
    "percentiles2": {
        "total": 6,
        "ok": 6,
        "ko": 0
    },
    "percentiles3": {
        "total": 7,
        "ok": 7,
        "ko": 0
    },
    "percentiles4": {
        "total": 8,
        "ok": 8,
        "ko": 0
    },
    "group1": {
        "name": "t < 800 ms",
        "count": 60,
        "percentage": 100
    },
    "group2": {
        "name": "800 ms < t < 1200 ms",
        "count": 0,
        "percentage": 0
    },
    "group3": {
        "name": "t > 1200 ms",
        "count": 0,
        "percentage": 0
    },
    "group4": {
        "name": "failed",
        "count": 0,
        "percentage": 0
    },
    "meanNumberOfRequestsPerSecond": {
        "total": 5.454545454545454,
        "ok": 5.454545454545454,
        "ko": 0
    }
}
    },"req_request-7-f222f": {
        "type": "REQUEST",
        "name": "request_7",
"path": "request_7",
"pathFormatted": "req_request-7-f222f",
"stats": {
    "name": "request_7",
    "numberOfRequests": {
        "total": 60,
        "ok": 60,
        "ko": 0
    },
    "minResponseTime": {
        "total": 2,
        "ok": 2,
        "ko": 0
    },
    "maxResponseTime": {
        "total": 18,
        "ok": 18,
        "ko": 0
    },
    "meanResponseTime": {
        "total": 5,
        "ok": 5,
        "ko": 0
    },
    "standardDeviation": {
        "total": 3,
        "ok": 3,
        "ko": 0
    },
    "percentiles1": {
        "total": 4,
        "ok": 4,
        "ko": 0
    },
    "percentiles2": {
        "total": 7,
        "ok": 7,
        "ko": 0
    },
    "percentiles3": {
        "total": 12,
        "ok": 12,
        "ko": 0
    },
    "percentiles4": {
        "total": 16,
        "ok": 16,
        "ko": 0
    },
    "group1": {
        "name": "t < 800 ms",
        "count": 60,
        "percentage": 100
    },
    "group2": {
        "name": "800 ms < t < 1200 ms",
        "count": 0,
        "percentage": 0
    },
    "group3": {
        "name": "t > 1200 ms",
        "count": 0,
        "percentage": 0
    },
    "group4": {
        "name": "failed",
        "count": 0,
        "percentage": 0
    },
    "meanNumberOfRequestsPerSecond": {
        "total": 5.454545454545454,
        "ok": 5.454545454545454,
        "ko": 0
    }
}
    }
}

}