{
    "name": "Global Information",
    "numberOfRequests": {
        "total": 960,
        "ok": 960,
        "ko": 0
    },
    "minResponseTime": {
        "total": 2,
        "ok": 2,
        "ko": 0
    },
    "maxResponseTime": {
        "total": 4526,
        "ok": 4526,
        "ko": 0
    },
    "meanResponseTime": {
        "total": 335,
        "ok": 335,
        "ko": 0
    },
    "standardDeviation": {
        "total": 592,
        "ok": 592,
        "ko": 0
    },
    "percentiles1": {
        "total": 68,
        "ok": 68,
        "ko": 0
    },
    "percentiles2": {
        "total": 486,
        "ok": 486,
        "ko": 0
    },
    "percentiles3": {
        "total": 1480,
        "ok": 1480,
        "ko": 0
    },
    "percentiles4": {
        "total": 3416,
        "ok": 3416,
        "ko": 0
    },
    "group1": {
        "name": "t < 800 ms",
        "count": 870,
        "percentage": 91
    },
    "group2": {
        "name": "800 ms < t < 1200 ms",
        "count": 35,
        "percentage": 4
    },
    "group3": {
        "name": "t > 1200 ms",
        "count": 55,
        "percentage": 6
    },
    "group4": {
        "name": "failed",
        "count": 0,
        "percentage": 0
    },
    "meanNumberOfRequestsPerSecond": {
        "total": 87.27272727272727,
        "ok": 87.27272727272727,
        "ko": 0
    }
}