{
  "type": "GROUP",
"name": "Global Information",
"path": "",
"pathFormatted": "group_missing-name-b06d1",
"stats": {
    "name": "Global Information",
    "numberOfRequests": {
        "total": 960,
        "ok": 960,
        "ko": 0
    },
    "minResponseTime": {
        "total": 2,
        "ok": 2,
        "ko": 0
    },
    "maxResponseTime": {
        "total": 4526,
        "ok": 4526,
        "ko": 0
    },
    "meanResponseTime": {
        "total": 335,
        "ok": 335,
        "ko": 0
    },
    "standardDeviation": {
        "total": 592,
        "ok": 592,
        "ko": 0
    },
    "percentiles1": {
        "total": 68,
        "ok": 68,
        "ko": 0
    },
    "percentiles2": {
        "total": 486,
        "ok": 486,
        "ko": 0
    },
    "percentiles3": {
        "total": 1480,
        "ok": 1480,
        "ko": 0
    },
    "percentiles4": {
        "total": 3416,
        "ok": 3416,
        "ko": 0
    },
    "group1": {
        "name": "t < 800 ms",
        "count": 870,
        "percentage": 91
    },
    "group2": {
        "name": "800 ms < t < 1200 ms",
        "count": 35,
        "percentage": 4
    },
    "group3": {
        "name": "t > 1200 ms",
        "count": 55,
        "percentage": 6
    },
    "group4": {
        "name": "failed",
        "count": 0,
        "percentage": 0
    },
    "meanNumberOfRequestsPerSecond": {
        "total": 87.27272727272727,
        "ok": 87.27272727272727,
        "ko": 0
    }
},
"contents": {
"req_request-0-684d2": {
        "type": "REQUEST",
        "name": "request_0",
"path": "request_0",
"pathFormatted": "req_request-0-684d2",
"stats": {
    "name": "request_0",
    "numberOfRequests": {
        "total": 60,
        "ok": 60,
        "ko": 0
    },
    "minResponseTime": {
        "total": 3,
        "ok": 3,
        "ko": 0
    },
    "maxResponseTime": {
        "total": 152,
        "ok": 152,
        "ko": 0
    },
    "meanResponseTime": {
        "total": 34,
        "ok": 34,
        "ko": 0
    },
    "standardDeviation": {
        "total": 42,
        "ok": 42,
        "ko": 0
    },
    "percentiles1": {
        "total": 8,
        "ok": 8,
        "ko": 0
    },
    "percentiles2": {
        "total": 62,
        "ok": 62,
        "ko": 0
    },
    "percentiles3": {
        "total": 122,
        "ok": 122,
        "ko": 0
    },
    "percentiles4": {
        "total": 136,
        "ok": 136,
        "ko": 0
    },
    "group1": {
        "name": "t < 800 ms",
        "count": 60,
        "percentage": 100
    },
    "group2": {
        "name": "800 ms < t < 1200 ms",
        "count": 0,
        "percentage": 0
    },
    "group3": {
        "name": "t > 1200 ms",
        "count": 0,
        "percentage": 0
    },
    "group4": {
        "name": "failed",
        "count": 0,
        "percentage": 0
    },
    "meanNumberOfRequestsPerSecond": {
        "total": 5.454545454545454,
        "ok": 5.454545454545454,
        "ko": 0
    }
}
    },"req_jquery-min-js-7fbbf": {
        "type": "REQUEST",
        "name": "jquery.min.js",
"path": "jquery.min.js",
"pathFormatted": "req_jquery-min-js-7fbbf",
"stats": {
    "name": "jquery.min.js",
    "numberOfRequests": {
        "total": 60,
        "ok": 60,
        "ko": 0
    },
    "minResponseTime": {
        "total": 143,
        "ok": 143,
        "ko": 0
    },
    "maxResponseTime": {
        "total": 3583,
        "ok": 3583,
        "ko": 0
    },
    "meanResponseTime": {
        "total": 688,
        "ok": 688,
        "ko": 0
    },
    "standardDeviation": {
        "total": 650,
        "ok": 650,
        "ko": 0
    },
    "percentiles1": {
        "total": 535,
        "ok": 535,
        "ko": 0
    },
    "percentiles2": {
        "total": 684,
        "ok": 684,
        "ko": 0
    },
    "percentiles3": {
        "total": 1541,
        "ok": 1541,
        "ko": 0
    },
    "percentiles4": {
        "total": 3476,
        "ok": 3476,
        "ko": 0
    },
    "group1": {
        "name": "t < 800 ms",
        "count": 52,
        "percentage": 87
    },
    "group2": {
        "name": "800 ms < t < 1200 ms",
        "count": 4,
        "percentage": 7
    },
    "group3": {
        "name": "t > 1200 ms",
        "count": 4,
        "percentage": 7
    },
    "group4": {
        "name": "failed",
        "count": 0,
        "percentage": 0
    },
    "meanNumberOfRequestsPerSecond": {
        "total": 5.454545454545454,
        "ok": 5.454545454545454,
        "ko": 0
    }
}
    },"req_request-1-46da4": {
        "type": "REQUEST",
        "name": "request_1",
"path": "request_1",
"pathFormatted": "req_request-1-46da4",
"stats": {
    "name": "request_1",
    "numberOfRequests": {
        "total": 60,
        "ok": 60,
        "ko": 0
    },
    "minResponseTime": {
        "total": 3,
        "ok": 3,
        "ko": 0
    },
    "maxResponseTime": {
        "total": 140,
        "ok": 140,
        "ko": 0
    },
    "meanResponseTime": {
        "total": 28,
        "ok": 28,
        "ko": 0
    },
    "standardDeviation": {
        "total": 30,
        "ok": 30,
        "ko": 0
    },
    "percentiles1": {
        "total": 18,
        "ok": 18,
        "ko": 0
    },
    "percentiles2": {
        "total": 38,
        "ok": 38,
        "ko": 0
    },
    "percentiles3": {
        "total": 93,
        "ok": 93,
        "ko": 0
    },
    "percentiles4": {
        "total": 136,
        "ok": 136,
        "ko": 0
    },
    "group1": {
        "name": "t < 800 ms",
        "count": 60,
        "percentage": 100
    },
    "group2": {
        "name": "800 ms < t < 1200 ms",
        "count": 0,
        "percentage": 0
    },
    "group3": {
        "name": "t > 1200 ms",
        "count": 0,
        "percentage": 0
    },
    "group4": {
        "name": "failed",
        "count": 0,
        "percentage": 0
    },
    "meanNumberOfRequestsPerSecond": {
        "total": 5.454545454545454,
        "ok": 5.454545454545454,
        "ko": 0
    }
}
    },"req_request-2-93baf": {
        "type": "REQUEST",
        "name": "request_2",
"path": "request_2",
"pathFormatted": "req_request-2-93baf",
"stats": {
    "name": "request_2",
    "numberOfRequests": {
        "total": 60,
        "ok": 60,
        "ko": 0
    },
    "minResponseTime": {
        "total": 4,
        "ok": 4,
        "ko": 0
    },
    "maxResponseTime": {
        "total": 118,
        "ok": 118,
        "ko": 0
    },
    "meanResponseTime": {
        "total": 33,
        "ok": 33,
        "ko": 0
    },
    "standardDeviation": {
        "total": 36,
        "ok": 36,
        "ko": 0
    },
    "percentiles1": {
        "total": 13,
        "ok": 13,
        "ko": 0
    },
    "percentiles2": {
        "total": 43,
        "ok": 43,
        "ko": 0
    },
    "percentiles3": {
        "total": 106,
        "ok": 106,
        "ko": 0
    },
    "percentiles4": {
        "total": 117,
        "ok": 117,
        "ko": 0
    },
    "group1": {
        "name": "t < 800 ms",
        "count": 60,
        "percentage": 100
    },
    "group2": {
        "name": "800 ms < t < 1200 ms",
        "count": 0,
        "percentage": 0
    },
    "group3": {
        "name": "t > 1200 ms",
        "count": 0,
        "percentage": 0
    },
    "group4": {
        "name": "failed",
        "count": 0,
        "percentage": 0
    },
    "meanNumberOfRequestsPerSecond": {
        "total": 5.454545454545454,
        "ok": 5.454545454545454,
        "ko": 0
    }
}
    },"req_request-3-d0973": {
        "type": "REQUEST",
        "name": "request_3",
"path": "request_3",
"pathFormatted": "req_request-3-d0973",
"stats": {
    "name": "request_3",
    "numberOfRequests": {
        "total": 60,
        "ok": 60,
        "ko": 0
    },
    "minResponseTime": {
        "total": 3,
        "ok": 3,
        "ko": 0
    },
    "maxResponseTime": {
        "total": 179,
        "ok": 179,
        "ko": 0
    },
    "meanResponseTime": {
        "total": 37,
        "ok": 37,
        "ko": 0
    },
    "standardDeviation": {
        "total": 40,
        "ok": 40,
        "ko": 0
    },
    "percentiles1": {
        "total": 15,
        "ok": 15,
        "ko": 0
    },
    "percentiles2": {
        "total": 59,
        "ok": 59,
        "ko": 0
    },
    "percentiles3": {
        "total": 116,
        "ok": 116,
        "ko": 0
    },
    "percentiles4": {
        "total": 155,
        "ok": 155,
        "ko": 0
    },
    "group1": {
        "name": "t < 800 ms",
        "count": 60,
        "percentage": 100
    },
    "group2": {
        "name": "800 ms < t < 1200 ms",
        "count": 0,
        "percentage": 0
    },
    "group3": {
        "name": "t > 1200 ms",
        "count": 0,
        "percentage": 0
    },
    "group4": {
        "name": "failed",
        "count": 0,
        "percentage": 0
    },
    "meanNumberOfRequestsPerSecond": {
        "total": 5.454545454545454,
        "ok": 5.454545454545454,
        "ko": 0
    }
}
    },"req_jquery-latest-m-5cdca": {
        "type": "REQUEST",
        "name": "jquery-latest.min.js",
"path": "jquery-latest.min.js",
"pathFormatted": "req_jquery-latest-m-5cdca",
"stats": {
    "name": "jquery-latest.min.js",
    "numberOfRequests": {
        "total": 60,
        "ok": 60,
        "ko": 0
    },
    "minResponseTime": {
        "total": 151,
        "ok": 151,
        "ko": 0
    },
    "maxResponseTime": {
        "total": 4526,
        "ok": 4526,
        "ko": 0
    },
    "meanResponseTime": {
        "total": 682,
        "ok": 682,
        "ko": 0
    },
    "standardDeviation": {
        "total": 804,
        "ok": 804,
        "ko": 0
    },
    "percentiles1": {
        "total": 479,
        "ok": 479,
        "ko": 0
    },
    "percentiles2": {
        "total": 533,
        "ok": 533,
        "ko": 0
    },
    "percentiles3": {
        "total": 1866,
        "ok": 1866,
        "ko": 0
    },
    "percentiles4": {
        "total": 3883,
        "ok": 3883,
        "ko": 0
    },
    "group1": {
        "name": "t < 800 ms",
        "count": 52,
        "percentage": 87
    },
    "group2": {
        "name": "800 ms < t < 1200 ms",
        "count": 0,
        "percentage": 0
    },
    "group3": {
        "name": "t > 1200 ms",
        "count": 8,
        "percentage": 13
    },
    "group4": {
        "name": "failed",
        "count": 0,
        "percentage": 0
    },
    "meanNumberOfRequestsPerSecond": {
        "total": 5.454545454545454,
        "ok": 5.454545454545454,
        "ko": 0
    }
}
    },"req_tether-min-js-817a0": {
        "type": "REQUEST",
        "name": "tether.min.js",
"path": "tether.min.js",
"pathFormatted": "req_tether-min-js-817a0",
"stats": {
    "name": "tether.min.js",
    "numberOfRequests": {
        "total": 120,
        "ok": 120,
        "ko": 0
    },
    "minResponseTime": {
        "total": 22,
        "ok": 22,
        "ko": 0
    },
    "maxResponseTime": {
        "total": 2823,
        "ok": 2823,
        "ko": 0
    },
    "meanResponseTime": {
        "total": 232,
        "ok": 232,
        "ko": 0
    },
    "standardDeviation": {
        "total": 400,
        "ok": 400,
        "ko": 0
    },
    "percentiles1": {
        "total": 122,
        "ok": 122,
        "ko": 0
    },
    "percentiles2": {
        "total": 250,
        "ok": 250,
        "ko": 0
    },
    "percentiles3": {
        "total": 539,
        "ok": 539,
        "ko": 0
    },
    "percentiles4": {
        "total": 2433,
        "ok": 2433,
        "ko": 0
    },
    "group1": {
        "name": "t < 800 ms",
        "count": 114,
        "percentage": 95
    },
    "group2": {
        "name": "800 ms < t < 1200 ms",
        "count": 4,
        "percentage": 3
    },
    "group3": {
        "name": "t > 1200 ms",
        "count": 2,
        "percentage": 2
    },
    "group4": {
        "name": "failed",
        "count": 0,
        "percentage": 0
    },
    "meanNumberOfRequestsPerSecond": {
        "total": 10.909090909090908,
        "ok": 10.909090909090908,
        "ko": 0
    }
}
    },"req_chart-min-js-91ae4": {
        "type": "REQUEST",
        "name": "Chart.min.js",
"path": "Chart.min.js",
"pathFormatted": "req_chart-min-js-91ae4",
"stats": {
    "name": "Chart.min.js",
    "numberOfRequests": {
        "total": 60,
        "ok": 60,
        "ko": 0
    },
    "minResponseTime": {
        "total": 113,
        "ok": 113,
        "ko": 0
    },
    "maxResponseTime": {
        "total": 3050,
        "ok": 3050,
        "ko": 0
    },
    "meanResponseTime": {
        "total": 664,
        "ok": 664,
        "ko": 0
    },
    "standardDeviation": {
        "total": 467,
        "ok": 467,
        "ko": 0
    },
    "percentiles1": {
        "total": 566,
        "ok": 566,
        "ko": 0
    },
    "percentiles2": {
        "total": 698,
        "ok": 698,
        "ko": 0
    },
    "percentiles3": {
        "total": 1480,
        "ok": 1480,
        "ko": 0
    },
    "percentiles4": {
        "total": 2195,
        "ok": 2195,
        "ko": 0
    },
    "group1": {
        "name": "t < 800 ms",
        "count": 47,
        "percentage": 78
    },
    "group2": {
        "name": "800 ms < t < 1200 ms",
        "count": 5,
        "percentage": 8
    },
    "group3": {
        "name": "t > 1200 ms",
        "count": 8,
        "percentage": 13
    },
    "group4": {
        "name": "failed",
        "count": 0,
        "percentage": 0
    },
    "meanNumberOfRequestsPerSecond": {
        "total": 5.454545454545454,
        "ok": 5.454545454545454,
        "ko": 0
    }
}
    },"req_chart-js-671a3": {
        "type": "REQUEST",
        "name": "Chart.js",
"path": "Chart.js",
"pathFormatted": "req_chart-js-671a3",
"stats": {
    "name": "Chart.js",
    "numberOfRequests": {
        "total": 60,
        "ok": 60,
        "ko": 0
    },
    "minResponseTime": {
        "total": 139,
        "ok": 139,
        "ko": 0
    },
    "maxResponseTime": {
        "total": 2196,
        "ok": 2196,
        "ko": 0
    },
    "meanResponseTime": {
        "total": 761,
        "ok": 761,
        "ko": 0
    },
    "standardDeviation": {
        "total": 422,
        "ok": 422,
        "ko": 0
    },
    "percentiles1": {
        "total": 673,
        "ok": 673,
        "ko": 0
    },
    "percentiles2": {
        "total": 875,
        "ok": 875,
        "ko": 0
    },
    "percentiles3": {
        "total": 1606,
        "ok": 1606,
        "ko": 0
    },
    "percentiles4": {
        "total": 1923,
        "ok": 1923,
        "ko": 0
    },
    "group1": {
        "name": "t < 800 ms",
        "count": 42,
        "percentage": 70
    },
    "group2": {
        "name": "800 ms < t < 1200 ms",
        "count": 10,
        "percentage": 17
    },
    "group3": {
        "name": "t > 1200 ms",
        "count": 8,
        "percentage": 13
    },
    "group4": {
        "name": "failed",
        "count": 0,
        "percentage": 0
    },
    "meanNumberOfRequestsPerSecond": {
        "total": 5.454545454545454,
        "ok": 5.454545454545454,
        "ko": 0
    }
}
    },"req_bootstrap-min-c-5b8a7": {
        "type": "REQUEST",
        "name": "bootstrap.min.css",
"path": "bootstrap.min.css",
"pathFormatted": "req_bootstrap-min-c-5b8a7",
"stats": {
    "name": "bootstrap.min.css",
    "numberOfRequests": {
        "total": 60,
        "ok": 60,
        "ko": 0
    },
    "minResponseTime": {
        "total": 246,
        "ok": 246,
        "ko": 0
    },
    "maxResponseTime": {
        "total": 3987,
        "ok": 3987,
        "ko": 0
    },
    "meanResponseTime": {
        "total": 1069,
        "ok": 1069,
        "ko": 0
    },
    "standardDeviation": {
        "total": 966,
        "ok": 966,
        "ko": 0
    },
    "percentiles1": {
        "total": 640,
        "ok": 640,
        "ko": 0
    },
    "percentiles2": {
        "total": 1149,
        "ok": 1149,
        "ko": 0
    },
    "percentiles3": {
        "total": 3610,
        "ok": 3610,
        "ko": 0
    },
    "percentiles4": {
        "total": 3986,
        "ok": 3986,
        "ko": 0
    },
    "group1": {
        "name": "t < 800 ms",
        "count": 39,
        "percentage": 65
    },
    "group2": {
        "name": "800 ms < t < 1200 ms",
        "count": 8,
        "percentage": 13
    },
    "group3": {
        "name": "t > 1200 ms",
        "count": 13,
        "percentage": 22
    },
    "group4": {
        "name": "failed",
        "count": 0,
        "percentage": 0
    },
    "meanNumberOfRequestsPerSecond": {
        "total": 5.454545454545454,
        "ok": 5.454545454545454,
        "ko": 0
    }
}
    },"req_bootstrap-min-j-13b2a": {
        "type": "REQUEST",
        "name": "bootstrap.min.js",
"path": "bootstrap.min.js",
"pathFormatted": "req_bootstrap-min-j-13b2a",
"stats": {
    "name": "bootstrap.min.js",
    "numberOfRequests": {
        "total": 60,
        "ok": 60,
        "ko": 0
    },
    "minResponseTime": {
        "total": 221,
        "ok": 221,
        "ko": 0
    },
    "maxResponseTime": {
        "total": 3589,
        "ok": 3589,
        "ko": 0
    },
    "meanResponseTime": {
        "total": 876,
        "ok": 876,
        "ko": 0
    },
    "standardDeviation": {
        "total": 837,
        "ok": 837,
        "ko": 0
    },
    "percentiles1": {
        "total": 542,
        "ok": 542,
        "ko": 0
    },
    "percentiles2": {
        "total": 841,
        "ok": 841,
        "ko": 0
    },
    "percentiles3": {
        "total": 2794,
        "ok": 2794,
        "ko": 0
    },
    "percentiles4": {
        "total": 3553,
        "ok": 3553,
        "ko": 0
    },
    "group1": {
        "name": "t < 800 ms",
        "count": 44,
        "percentage": 73
    },
    "group2": {
        "name": "800 ms < t < 1200 ms",
        "count": 4,
        "percentage": 7
    },
    "group3": {
        "name": "t > 1200 ms",
        "count": 12,
        "percentage": 20
    },
    "group4": {
        "name": "failed",
        "count": 0,
        "percentage": 0
    },
    "meanNumberOfRequestsPerSecond": {
        "total": 5.454545454545454,
        "ok": 5.454545454545454,
        "ko": 0
    }
}
    },"req_request-4-e7d1b": {
        "type": "REQUEST",
        "name": "request_4",
"path": "request_4",
"pathFormatted": "req_request-4-e7d1b",
"stats": {
    "name": "request_4",
    "numberOfRequests": {
        "total": 60,
        "ok": 60,
        "ko": 0
    },
    "minResponseTime": {
        "total": 2,
        "ok": 2,
        "ko": 0
    },
    "maxResponseTime": {
        "total": 28,
        "ok": 28,
        "ko": 0
    },
    "meanResponseTime": {
        "total": 5,
        "ok": 5,
        "ko": 0
    },
    "standardDeviation": {
        "total": 4,
        "ok": 4,
        "ko": 0
    },
    "percentiles1": {
        "total": 4,
        "ok": 4,
        "ko": 0
    },
    "percentiles2": {
        "total": 4,
        "ok": 4,
        "ko": 0
    },
    "percentiles3": {
        "total": 12,
        "ok": 12,
        "ko": 0
    },
    "percentiles4": {
        "total": 20,
        "ok": 20,
        "ko": 0
    },
    "group1": {
        "name": "t < 800 ms",
        "count": 60,
        "percentage": 100
    },
    "group2": {
        "name": "800 ms < t < 1200 ms",
        "count": 0,
        "percentage": 0
    },
    "group3": {
        "name": "t > 1200 ms",
        "count": 0,
        "percentage": 0
    },
    "group4": {
        "name": "failed",
        "count": 0,
        "percentage": 0
    },
    "meanNumberOfRequestsPerSecond": {
        "total": 5.454545454545454,
        "ok": 5.454545454545454,
        "ko": 0
    }
}
    },"req_request-5-48829": {
        "type": "REQUEST",
        "name": "request_5",
"path": "request_5",
"pathFormatted": "req_request-5-48829",
"stats": {
    "name": "request_5",
    "numberOfRequests": {
        "total": 60,
        "ok": 60,
        "ko": 0
    },
    "minResponseTime": {
        "total": 2,
        "ok": 2,
        "ko": 0
    },
    "maxResponseTime": {
        "total": 17,
        "ok": 17,
        "ko": 0
    },
    "meanResponseTime": {
        "total": 5,
        "ok": 5,
        "ko": 0
    },
    "standardDeviation": {
        "total": 3,
        "ok": 3,
        "ko": 0
    },
    "percentiles1": {
        "total": 4,
        "ok": 4,
        "ko": 0
    },
    "percentiles2": {
        "total": 5,
        "ok": 5,
        "ko": 0
    },
    "percentiles3": {
        "total": 13,
        "ok": 13,
        "ko": 0
    },
    "percentiles4": {
        "total": 16,
        "ok": 16,
        "ko": 0
    },
    "group1": {
        "name": "t < 800 ms",
        "count": 60,
        "percentage": 100
    },
    "group2": {
        "name": "800 ms < t < 1200 ms",
        "count": 0,
        "percentage": 0
    },
    "group3": {
        "name": "t > 1200 ms",
        "count": 0,
        "percentage": 0
    },
    "group4": {
        "name": "failed",
        "count": 0,
        "percentage": 0
    },
    "meanNumberOfRequestsPerSecond": {
        "total": 5.454545454545454,
        "ok": 5.454545454545454,
        "ko": 0
    }
}
    },"req_request-6-027a9": {
        "type": "REQUEST",
        "name": "request_6",
"path": "request_6",
"pathFormatted": "req_request-6-027a9",
"stats": {
    "name": "request_6",
    "numberOfRequests": {
        "total": 60,
        "ok": 60,
        "ko": 0
    },
    "minResponseTime": {
        "total": 2,
        "ok": 2,
        "ko": 0
    },
    "maxResponseTime": {
        "total": 8,
        "ok": 8,
        "ko": 0
    },
    "meanResponseTime": {
        "total": 4,
        "ok": 4,
        "ko": 0
    },
    "standardDeviation": {
        "total": 2,
        "ok": 2,
        "ko": 0
    },
    "percentiles1": {
        "total": 3,
        "ok": 3,
        "ko": 0
    },
    "percentiles2": {
        "total": 5,
        "ok": 5,
        "ko": 0
    },
    "percentiles3": {
        "total": 7,
        "ok": 7,
        "ko": 0
    },
    "percentiles4": {
        "total": 8,
        "ok": 8,
        "ko": 0
    },
    "group1": {
        "name": "t < 800 ms",
        "count": 60,
        "percentage": 100
    },
    "group2": {
        "name": "800 ms < t < 1200 ms",
        "count": 0,
        "percentage": 0
    },
    "group3": {
        "name": "t > 1200 ms",
        "count": 0,
        "percentage": 0
    },
    "group4": {
        "name": "failed",
        "count": 0,
        "percentage": 0
    },
    "meanNumberOfRequestsPerSecond": {
        "total": 5.454545454545454,
        "ok": 5.454545454545454,
        "ko": 0
    }
}
    },"req_request-7-f222f": {
        "type": "REQUEST",
        "name": "request_7",
"path": "request_7",
"pathFormatted": "req_request-7-f222f",
"stats": {
    "name": "request_7",
    "numberOfRequests": {
        "total": 60,
        "ok": 60,
        "ko": 0
    },
    "minResponseTime": {
        "total": 2,
        "ok": 2,
        "ko": 0
    },
    "maxResponseTime": {
        "total": 9,
        "ok": 9,
        "ko": 0
    },
    "meanResponseTime": {
        "total": 4,
        "ok": 4,
        "ko": 0
    },
    "standardDeviation": {
        "total": 2,
        "ok": 2,
        "ko": 0
    },
    "percentiles1": {
        "total": 3,
        "ok": 3,
        "ko": 0
    },
    "percentiles2": {
        "total": 5,
        "ok": 5,
        "ko": 0
    },
    "percentiles3": {
        "total": 7,
        "ok": 7,
        "ko": 0
    },
    "percentiles4": {
        "total": 8,
        "ok": 8,
        "ko": 0
    },
    "group1": {
        "name": "t < 800 ms",
        "count": 60,
        "percentage": 100
    },
    "group2": {
        "name": "800 ms < t < 1200 ms",
        "count": 0,
        "percentage": 0
    },
    "group3": {
        "name": "t > 1200 ms",
        "count": 0,
        "percentage": 0
    },
    "group4": {
        "name": "failed",
        "count": 0,
        "percentage": 0
    },
    "meanNumberOfRequestsPerSecond": {
        "total": 5.454545454545454,
        "ok": 5.454545454545454,
        "ko": 0
    }
}
    }
}

}